reference_month,release_date
2009-01-01,2009-02-20
2009-02-01,2009-03-19
2009-03-01,2009-04-17
2009-04-01,2009-05-20
2009-05-01,2009-06-18
2009-06-01,2009-07-17
2009-07-01,2009-08-19
2009-08-01,2009-09-17
2009-09-01,2009-10-16
2009-10-01,2009-11-18
2009-11-01,2009-12-17
2009-12-01,2010-01-20
2010-01-01,2010-02-18
2010-02-01,2010-03-19
2010-03-01,2010-04-23
2010-05-01,2010-06-22
2010-06-01,2010-07-23
2010-07-01,2010-08-20
2010-08-01,2010-09-21
2010-10-01,2010-11-23
2010-11-01,2010-12-21
2010-12-01,2011-01-25
2011-01-01,2011-02-18
2011-02-01,2011-03-18
2011-03-01,2011-04-19
2011-04-01,2011-05-20
2011-05-01,2011-06-29
2011-06-01,2011-07-22
2011-07-01,2011-08-19
2011-08-01,2011-09-21
2011-09-01,2011-10-21
2011-10-01,2011-11-18
2011-11-01,2011-12-20
2011-12-01,2012-01-20
2012-01-01,2012-02-17
2012-02-01,2012-03-23
2012-03-01,2012-04-20
2012-04-01,2012-05-18
2012-05-01,2012-06-22
2012-06-01,2012-07-20
2012-07-01,2012-08-17
2012-08-01,2012-09-21
2012-09-01,2012-10-19
2012-10-01,2012-11-23
2012-11-01,2012-12-21
2012-12-01,2013-01-25
2013-01-01,2013-02-22
2013-02-01,2013-03-27
2013-03-01,2013-04-19
2013-04-01,2013-05-17
2013-05-01,2013-06-21
2013-06-01,2013-07-19
2013-07-01,2013-08-23
2013-08-01,2013-09-20
2013-09-01,2013-10-18
2013-10-01,2013-11-22
2013-11-01,2013-12-20
2013-12-01,2014-01-24
2014-01-01,2014-02-21
2014-02-01,2014-03-21
2014-03-01,2014-04-17
2014-04-01,2014-05-23
2014-05-01,2014-06-20
2014-06-01,2014-07-18
2014-07-01,2014-08-22
2014-08-01,2014-09-19
2014-09-01,2014-10-17
2014-10-01,2014-11-21
2014-11-01,2014-12-19
2014-12-01,2015-01-23
2015-01-01,2015-02-26
2015-02-01,2015-03-20
2015-03-01,2015-04-17
2015-04-01,2015-05-22
2015-05-01,2015-06-19
2015-06-01,2015-07-17
2015-07-01,2015-08-21
2015-08-01,2015-09-18
2015-09-01,2015-10-23
2015-10-01,2015-11-20
2015-11-01,2015-12-18
2015-12-01,2016-01-22
2016-01-01,2016-02-19
2016-02-01,2016-03-18
2016-03-01,2016-04-22
2016-04-01,2016-05-20
2016-05-01,2016-06-17
2016-06-01,2016-07-22
2016-07-01,2016-08-19
2016-08-01,2016-09-23
2016-09-01,2016-10-21
2016-10-01,2016-11-18
2016-11-01,2016-12-22
2016-12-01,2017-01-20
2017-01-01,2017-02-24
2017-02-01,2017-03-24
2017-03-01,2017-04-21
2017-04-01,2017-05-19
2017-05-01,2017-06-23
2017-06-01,2017-07-21
2017-07-01,2017-08-18
2017-08-01,2017-09-22
2017-09-01,2017-10-20
2017-10-01,2017-11-17
2017-11-01,2017-12-21
2017-12-01,2018-01-26
2018-01-01,2018-02-23
2018-02-01,2018-03-23
2018-03-01,2018-04-20
2018-04-01,2018-05-18
2018-05-01,2018-06-22
2018-06-01,2018-07-20
2018-07-01,2018-08-17
2018-08-01,2018-09-21
2018-09-01,2018-10-19
2018-10-01,2018-11-23
2018-11-01,2018-12-19
2018-12-01,2019-01-18
2019-01-01,2019-02-27
2019-02-01,2019-03-22
2019-03-01,2019-04-17
2019-04-01,2019-05-15
2019-05-01,2019-06-19
2019-06-01,2019-07-17
2019-07-01,2019-08-21
2019-08-01,2019-09-18
2019-09-01,2019-10-16
2019-10-01,2019-11-20
2019-11-01,2019-12-18
2019-12-01,2020-01-22
2020-01-01,2020-02-19
2020-02-01,2020-03-18
2020-03-01,2020-04-22
2020-04-01,2020-05-20
2020-05-01,2020-06-17
2020-06-01,2020-07-22
2020-07-01,2020-08-19
2020-08-01,2020-09-16
2020-09-01,2020-10-21
2020-10-01,2020-11-18
2020-11-01,2020-12-16
2020-12-01,2021-01-20
2021-01-01,2021-02-17
2021-02-01,2021-03-17
2021-03-01,2021-04-21
2021-04-01,2021-05-19
2021-05-01,2021-06-16
2021-06-01,2021-07-28
2021-07-01,2021-08-18
2021-08-01,2021-09-15
2021-09-01,2021-10-20
2021-10-01,2021-11-17
2021-11-01,2021-12-15
2021-12-01,2022-01-19
2022-01-01,2022-02-16
2022-02-01,2022-03-16
2022-03-01,2022-04-20
2022-04-01,2022-05-18
2022-05-01,2022-06-22
2022-06-01,2022-07-20
2022-07-01,2022-08-16
2022-08-01,2022-09-20
2022-09-01,2022-10-19
2022-10-01,2022-11-16
2022-11-01,2022-12-21
2022-12-01,2023-01-17
2023-01-01,2023-02-21
2023-02-01,2023-03-21
2023-03-01,2023-04-18
2023-04-01,2023-05-16
2023-05-01,2023-06-27
2023-06-01,2023-07-18
2023-07-01,2023-08-15
2023-08-01,2023-09-19
2023-09-01,2023-10-17
2023-10-01,2023-11-21
2023-11-01,2023-12-19
2023-12-01,2024-01-16
2024-01-01,2024-02-20
2024-02-01,2024-03-19
2024-03-01,2024-04-16
2024-04-01,2024-05-21
2024-05-01,2024-06-25
2024-06-01,2024-07-16
2024-07-01,2024-08-20
2024-08-01,2024-09-17
2024-09-01,2024-10-15
2024-10-01,2024-11-19
2024-11-01,2024-12-17
2024-12-01,2025-01-21
2025-01-01,2025-02-18
2025-02-01,2025-03-18
2025-03-01,2025-04-15
2025-04-01,2025-05-20
2025-05-01,2025-06-24
2025-06-01,2025-07-15
2025-07-01,2025-08-19
2025-08-01,2025-09-16
2025-09-01,2025-10-21
2025-10-01,2025-11-17
2025-11-01,2025-12-15
2025-12-01,2026-01-19
2026-01-01,2026-02-17
2026-02-01,2026-03-16
2026-03-01,2026-04-20
2026-04-01,2026-05-19
2026-05-01,2026-06-22
2026-06-01,2026-07-20
