reference_month,cpi_all_items,source_pull
2009-01-01,113.0,cpi_41690973_20260804_145203.json
2009-02-01,113.8,cpi_41690973_20260902_202300.json
2009-03-01,114.0,cpi_41690973_20260902_202300.json
2009-04-01,113.9,cpi_41690973_20260902_202300.json
2009-05-01,114.7,cpi_41690973_20260902_202300.json
2009-06-01,115.1,cpi_41690973_20260902_202300.json
2009-07-01,114.7,cpi_41690973_20260902_202300.json
2009-08-01,114.7,cpi_41690973_20260902_202300.json
2009-09-01,114.7,cpi_41690973_20260902_202300.json
2009-10-01,114.6,cpi_41690973_20260902_202300.json
2009-11-01,115.2,cpi_41690973_20260902_202300.json
2009-12-01,114.8,cpi_41690973_20260902_202300.json
2010-01-01,115.1,cpi_41690973_20260902_202300.json
2010-02-01,115.6,cpi_41690973_20260902_202300.json
2010-03-01,115.6,cpi_41690973_20260902_202300.json
2010-04-01,116.0,cpi_41690973_20260902_202300.json
2010-05-01,116.3,cpi_41690973_20260902_202300.json
2010-06-01,116.2,cpi_41690973_20260902_202300.json
2010-07-01,116.8,cpi_41690973_20260902_202300.json
2010-08-01,116.7,cpi_41690973_20260902_202300.json
2010-09-01,116.9,cpi_41690973_20260902_202300.json
2010-10-01,117.4,cpi_41690973_20260902_202300.json
2010-11-01,117.5,cpi_41690973_20260902_202300.json
2010-12-01,117.5,cpi_41690973_20260902_202300.json
2011-01-01,117.8,cpi_41690973_20260902_202300.json
2011-02-01,118.1,cpi_41690973_20260902_202300.json
2011-03-01,119.4,cpi_41690973_20260902_202300.json
2011-04-01,119.8,cpi_41690973_20260902_202300.json
2011-05-01,120.6,cpi_41690973_20260902_202300.json
2011-06-01,119.8,cpi_41690973_20260902_202300.json
2011-07-01,120.0,cpi_41690973_20260902_202300.json
2011-08-01,120.3,cpi_41690973_20260902_202300.json
2011-09-01,120.6,cpi_41690973_20260902_202300.json
2011-10-01,120.8,cpi_41690973_20260902_202300.json
2011-11-01,120.9,cpi_41690973_20260902_202300.json
2011-12-01,120.2,cpi_41690973_20260902_202300.json
2012-01-01,120.7,cpi_41690973_20260902_202300.json
2012-02-01,121.2,cpi_41690973_20260902_202300.json
2012-03-01,121.7,cpi_41690973_20260902_202300.json
2012-04-01,122.2,cpi_41690973_20260902_202300.json
2012-05-01,122.1,cpi_41690973_20260902_202300.json
2012-06-01,121.6,cpi_41690973_20260902_202300.json
2012-07-01,121.5,cpi_41690973_20260902_202300.json
2012-08-01,121.8,cpi_41690973_20260902_202300.json
2012-09-01,122.0,cpi_41690973_20260902_202300.json
2012-10-01,122.2,cpi_41690973_20260902_202300.json
2012-11-01,121.9,cpi_41690973_20260902_202300.json
2012-12-01,121.2,cpi_41690973_20260902_202300.json
2013-01-01,121.3,cpi_41690973_20260902_202300.json
2013-02-01,122.7,cpi_41690973_20260902_202300.json
2013-03-01,122.9,cpi_41690973_20260902_202300.json
2013-04-01,122.7,cpi_41690973_20260902_202300.json
2013-05-01,123.0,cpi_41690973_20260902_202300.json
2013-06-01,123.0,cpi_41690973_20260902_202300.json
2013-07-01,123.1,cpi_41690973_20260902_202300.json
2013-08-01,123.1,cpi_41690973_20260902_202300.json
2013-09-01,123.3,cpi_41690973_20260902_202300.json
2013-10-01,123.0,cpi_41690973_20260902_202300.json
2013-11-01,123.0,cpi_41690973_20260902_202300.json
2013-12-01,122.7,cpi_41690973_20260902_202300.json
2014-01-01,123.1,cpi_41690973_20260902_202300.json
2014-02-01,124.1,cpi_41690973_20260902_202300.json
2014-03-01,124.8,cpi_41690973_20260902_202300.json
2014-04-01,125.2,cpi_41690973_20260902_202300.json
2014-05-01,125.8,cpi_41690973_20260902_202300.json
2014-06-01,125.9,cpi_41690973_20260902_202300.json
2014-07-01,125.7,cpi_41690973_20260902_202300.json
2014-08-01,125.7,cpi_41690973_20260902_202300.json
2014-09-01,125.8,cpi_41690973_20260902_202300.json
2014-10-01,125.9,cpi_41690973_20260902_202300.json
2014-11-01,125.4,cpi_41690973_20260902_202300.json
2014-12-01,124.5,cpi_41690973_20260902_202300.json
2015-01-01,124.3,cpi_41690973_20260902_202300.json
2015-02-01,125.4,cpi_41690973_20260902_202300.json
2015-03-01,126.3,cpi_41690973_20260902_202300.json
2015-04-01,126.2,cpi_41690973_20260902_202300.json
2015-05-01,126.9,cpi_41690973_20260902_202300.json
2015-06-01,127.2,cpi_41690973_20260902_202300.json
2015-07-01,127.3,cpi_41690973_20260902_202300.json
2015-08-01,127.3,cpi_41690973_20260902_202300.json
2015-09-01,127.1,cpi_41690973_20260902_202300.json
2015-10-01,127.2,cpi_41690973_20260902_202300.json
2015-11-01,127.1,cpi_41690973_20260902_202300.json
2015-12-01,126.5,cpi_41690973_20260902_202300.json
2016-01-01,126.8,cpi_41690973_20260902_202300.json
2016-02-01,127.1,cpi_41690973_20260902_202300.json
2016-03-01,127.9,cpi_41690973_20260902_202300.json
2016-04-01,128.3,cpi_41690973_20260902_202300.json
2016-05-01,128.8,cpi_41690973_20260902_202300.json
2016-06-01,129.1,cpi_41690973_20260902_202300.json
2016-07-01,128.9,cpi_41690973_20260902_202300.json
2016-08-01,128.7,cpi_41690973_20260902_202300.json
2016-09-01,128.8,cpi_41690973_20260902_202300.json
2016-10-01,129.1,cpi_41690973_20260902_202300.json
2016-11-01,128.6,cpi_41690973_20260902_202300.json
2016-12-01,128.4,cpi_41690973_20260902_202300.json
2017-01-01,129.5,cpi_41690973_20260902_202300.json
2017-02-01,129.7,cpi_41690973_20260902_202300.json
2017-03-01,129.9,cpi_41690973_20260902_202300.json
2017-04-01,130.4,cpi_41690973_20260902_202300.json
2017-05-01,130.5,cpi_41690973_20260902_202300.json
2017-06-01,130.4,cpi_41690973_20260902_202300.json
2017-07-01,130.4,cpi_41690973_20260902_202300.json
2017-08-01,130.5,cpi_41690973_20260902_202300.json
2017-09-01,130.8,cpi_41690973_20260902_202300.json
2017-10-01,130.9,cpi_41690973_20260902_202300.json
2017-11-01,131.3,cpi_41690973_20260902_202300.json
2017-12-01,130.8,cpi_41690973_20260902_202300.json
2018-01-01,131.7,cpi_41690973_20260902_202300.json
2018-02-01,132.5,cpi_41690973_20260902_202300.json
2018-03-01,132.9,cpi_41690973_20260902_202300.json
2018-04-01,133.3,cpi_41690973_20260902_202300.json
2018-05-01,133.4,cpi_41690973_20260902_202300.json
2018-06-01,133.6,cpi_41690973_20260902_202300.json
2018-07-01,134.3,cpi_41690973_20260902_202300.json
2018-08-01,134.2,cpi_41690973_20260902_202300.json
2018-09-01,133.7,cpi_41690973_20260902_202300.json
2018-10-01,134.1,cpi_41690973_20260902_202300.json
2018-11-01,133.5,cpi_41690973_20260902_202300.json
2018-12-01,133.4,cpi_41690973_20260902_202300.json
2019-01-01,133.6,cpi_41690973_20260902_202300.json
2019-02-01,134.5,cpi_41690973_20260902_202300.json
2019-03-01,135.4,cpi_41690973_20260902_202300.json
2019-04-01,136.0,cpi_41690973_20260902_202300.json
2019-05-01,136.6,cpi_41690973_20260902_202300.json
2019-06-01,136.3,cpi_41690973_20260902_202300.json
2019-07-01,137.0,cpi_41690973_20260902_202300.json
2019-08-01,136.8,cpi_41690973_20260902_202300.json
2019-09-01,136.2,cpi_41690973_20260902_202300.json
2019-10-01,136.6,cpi_41690973_20260902_202300.json
2019-11-01,136.4,cpi_41690973_20260902_202300.json
2019-12-01,136.4,cpi_41690973_20260902_202300.json
2020-01-01,136.8,cpi_41690973_20260902_202300.json
2020-02-01,137.4,cpi_41690973_20260902_202300.json
2020-03-01,136.6,cpi_41690973_20260902_202300.json
2020-04-01,135.7,cpi_41690973_20260902_202300.json
2020-05-01,136.1,cpi_41690973_20260902_202300.json
2020-06-01,137.2,cpi_41690973_20260902_202300.json
2020-07-01,137.2,cpi_41690973_20260902_202300.json
2020-08-01,137.0,cpi_41690973_20260902_202300.json
2020-09-01,136.9,cpi_41690973_20260902_202300.json
2020-10-01,137.5,cpi_41690973_20260902_202300.json
2020-11-01,137.7,cpi_41690973_20260902_202300.json
2020-12-01,137.4,cpi_41690973_20260902_202300.json
2021-01-01,138.2,cpi_41690973_20260902_202300.json
2021-02-01,138.9,cpi_41690973_20260902_202300.json
2021-03-01,139.6,cpi_41690973_20260902_202300.json
2021-04-01,140.3,cpi_41690973_20260902_202300.json
2021-05-01,141.0,cpi_41690973_20260902_202300.json
2021-06-01,141.4,cpi_41690973_20260902_202300.json
2021-07-01,142.3,cpi_41690973_20260902_202300.json
2021-08-01,142.6,cpi_41690973_20260902_202300.json
2021-09-01,142.9,cpi_41690973_20260902_202300.json
2021-10-01,143.9,cpi_41690973_20260902_202300.json
2021-11-01,144.2,cpi_41690973_20260902_202300.json
2021-12-01,144.0,cpi_41690973_20260902_202300.json
2022-01-01,145.3,cpi_41690973_20260902_202300.json
2022-02-01,146.8,cpi_41690973_20260902_202300.json
2022-03-01,148.9,cpi_41690973_20260902_202300.json
2022-04-01,149.8,cpi_41690973_20260902_202300.json
2022-05-01,151.9,cpi_41690973_20260902_202300.json
2022-06-01,152.9,cpi_41690973_20260902_202300.json
2022-07-01,153.1,cpi_41690973_20260902_202300.json
2022-08-01,152.6,cpi_41690973_20260902_202300.json
2022-09-01,152.7,cpi_41690973_20260902_202300.json
2022-10-01,153.8,cpi_41690973_20260902_202300.json
2022-11-01,154.0,cpi_41690973_20260902_202300.json
2022-12-01,153.1,cpi_41690973_20260902_202300.json
2023-01-01,153.9,cpi_41690973_20260902_202300.json
2023-02-01,154.5,cpi_41690973_20260902_202300.json
2023-03-01,155.3,cpi_41690973_20260902_202300.json
2023-04-01,156.4,cpi_41690973_20260902_202300.json
2023-05-01,157.0,cpi_41690973_20260902_202300.json
2023-06-01,157.2,cpi_41690973_20260902_202300.json
2023-07-01,158.1,cpi_41690973_20260902_202300.json
2023-08-01,158.7,cpi_41690973_20260902_202300.json
2023-09-01,158.5,cpi_41690973_20260902_202300.json
2023-10-01,158.6,cpi_41690973_20260902_202300.json
2023-11-01,158.8,cpi_41690973_20260902_202300.json
2023-12-01,158.3,cpi_41690973_20260902_202300.json
2024-01-01,158.3,cpi_41690973_20260902_202300.json
2024-02-01,158.8,cpi_41690973_20260902_202300.json
2024-03-01,159.8,cpi_41690973_20260902_202300.json
2024-04-01,160.6,cpi_41690973_20260902_202300.json
2024-05-01,161.5,cpi_41690973_20260902_202300.json
2024-06-01,161.4,cpi_41690973_20260902_202300.json
2024-07-01,162.1,cpi_41690973_20260902_202300.json
2024-08-01,161.8,cpi_41690973_20260902_202300.json
2024-09-01,161.1,cpi_41690973_20260902_202300.json
2024-10-01,161.8,cpi_41690973_20260902_202300.json
2024-11-01,161.8,cpi_41690973_20260902_202300.json
2024-12-01,161.2,cpi_41690973_20260902_202300.json
2025-01-01,161.3,cpi_41690973_20260902_202300.json
2025-02-01,163.0,cpi_41690973_20260902_202300.json
2025-03-01,163.5,cpi_41690973_20260902_202300.json
2025-04-01,163.4,cpi_41690973_20260902_202300.json
2025-05-01,164.3,cpi_41690973_20260902_202300.json
2025-06-01,164.4,cpi_41690973_20260902_202300.json
2025-07-01,164.9,cpi_41690973_20260902_202300.json
2025-08-01,164.8,cpi_41690973_20260902_202300.json
2025-09-01,164.9,cpi_41690973_20260902_202300.json
2025-10-01,165.3,cpi_41690973_20260902_202300.json
2025-11-01,165.4,cpi_41690973_20260902_202300.json
2025-12-01,165.0,cpi_41690973_20260902_202300.json
2026-01-01,165.0,cpi_41690973_20260902_202300.json
2026-02-01,165.9,cpi_41690973_20260902_202300.json
2026-03-01,167.4,cpi_41690973_20260902_202300.json
2026-04-01,168.0,cpi_41690973_20260902_202300.json
2026-05-01,169.6,cpi_41690973_20260902_202300.json
2026-06-01,169.0,cpi_41690973_20260902_202300.json
2026-07-01,169.9,cpi_41690973_20260902_202300.json
