horizon_days,response_variable,shock_variable,proportion
0,yield_spread_10y_2y,yield_spread_10y_2y,1.0
0,yield_spread_10y_2y,overnight_rate,0.0
0,yield_spread_10y_2y,us_treasury_10y,0.0
0,yield_spread_10y_2y,fed_funds_rate,0.0
0,yield_spread_10y_2y,cpi_yoy,0.0
0,yield_spread_10y_2y,usdcad,0.0
0,overnight_rate,yield_spread_10y_2y,0.00025159659673082603
0,overnight_rate,overnight_rate,0.9997484034032691
0,overnight_rate,us_treasury_10y,0.0
0,overnight_rate,fed_funds_rate,0.0
0,overnight_rate,cpi_yoy,0.0
0,overnight_rate,usdcad,0.0
0,us_treasury_10y,yield_spread_10y_2y,0.19068105917267825
0,us_treasury_10y,overnight_rate,0.0014045582326162643
0,us_treasury_10y,us_treasury_10y,0.8079143825947056
0,us_treasury_10y,fed_funds_rate,0.0
0,us_treasury_10y,cpi_yoy,0.0
0,us_treasury_10y,usdcad,0.0
0,fed_funds_rate,yield_spread_10y_2y,0.00040818692542163467
0,fed_funds_rate,overnight_rate,0.018819344932103327
0,fed_funds_rate,us_treasury_10y,0.0012582039200105387
0,fed_funds_rate,fed_funds_rate,0.9795142642224645
0,fed_funds_rate,cpi_yoy,0.0
0,fed_funds_rate,usdcad,0.0
0,cpi_yoy,yield_spread_10y_2y,0.0010017336326941255
0,cpi_yoy,overnight_rate,6.891300202005229e-06
0,cpi_yoy,us_treasury_10y,0.00012033212368239566
0,cpi_yoy,fed_funds_rate,8.42827198255616e-06
0,cpi_yoy,cpi_yoy,0.998862614671439
0,cpi_yoy,usdcad,0.0
0,usdcad,yield_spread_10y_2y,4.3988777619445296e-05
0,usdcad,overnight_rate,0.0015941070667409526
0,usdcad,us_treasury_10y,0.006009490784855237
0,usdcad,fed_funds_rate,0.00035682197117280684
0,usdcad,cpi_yoy,0.0020022093258439387
0,usdcad,usdcad,0.9899933820737676
1,yield_spread_10y_2y,yield_spread_10y_2y,0.9995716627374979
1,yield_spread_10y_2y,overnight_rate,1.3507367965121158e-05
1,yield_spread_10y_2y,us_treasury_10y,0.00017558375758709775
1,yield_spread_10y_2y,fed_funds_rate,3.730228855265611e-05
1,yield_spread_10y_2y,cpi_yoy,9.034333731387606e-05
1,yield_spread_10y_2y,usdcad,0.00011160051108334053
1,overnight_rate,yield_spread_10y_2y,0.0050198133143060835
1,overnight_rate,overnight_rate,0.9947050791849076
1,overnight_rate,us_treasury_10y,6.582807252523024e-05
1,overnight_rate,fed_funds_rate,0.00013114915499635364
1,overnight_rate,cpi_yoy,3.9086989506997445e-08
1,overnight_rate,usdcad,7.809118627531437e-05
1,us_treasury_10y,yield_spread_10y_2y,0.18510684949766637
1,us_treasury_10y,overnight_rate,0.0010906103922063341
1,us_treasury_10y,us_treasury_10y,0.8136957239371072
1,us_treasury_10y,fed_funds_rate,7.574139424848258e-05
1,us_treasury_10y,cpi_yoy,4.462641493437626e-06
1,us_treasury_10y,usdcad,2.6612137277982193e-05
1,fed_funds_rate,yield_spread_10y_2y,0.00042533510963095323
1,fed_funds_rate,overnight_rate,0.016371717429667663
1,fed_funds_rate,us_treasury_10y,0.0009191773443782921
1,fed_funds_rate,fed_funds_rate,0.9822089241949716
1,fed_funds_rate,cpi_yoy,1.9038037975329966e-05
1,fed_funds_rate,usdcad,5.580788337620106e-05
1,cpi_yoy,yield_spread_10y_2y,0.001442492818062835
1,cpi_yoy,overnight_rate,4.190124621437083e-06
1,cpi_yoy,us_treasury_10y,6.192828666737306e-05
1,cpi_yoy,fed_funds_rate,6.017144592706198e-05
1,cpi_yoy,cpi_yoy,0.9983279257886509
1,cpi_yoy,usdcad,0.00010329153607045582
1,usdcad,yield_spread_10y_2y,0.0002582559337211831
1,usdcad,overnight_rate,0.005351192075165648
1,usdcad,us_treasury_10y,0.006194706709557734
1,usdcad,fed_funds_rate,0.00017324193166015547
1,usdcad,cpi_yoy,0.0021355895911719636
1,usdcad,usdcad,0.9858870137587233
2,yield_spread_10y_2y,yield_spread_10y_2y,0.9992245131880012
2,yield_spread_10y_2y,overnight_rate,2.0605713439774967e-05
2,yield_spread_10y_2y,us_treasury_10y,0.00031774132437332363
2,yield_spread_10y_2y,fed_funds_rate,0.000109610911603671
2,yield_spread_10y_2y,cpi_yoy,7.553056726120551e-05
2,yield_spread_10y_2y,usdcad,0.0002519982953209205
2,overnight_rate,yield_spread_10y_2y,0.006851032530359062
2,overnight_rate,overnight_rate,0.9925500680535904
2,overnight_rate,us_treasury_10y,5.058232953679346e-05
2,overnight_rate,fed_funds_rate,0.00046034216521965255
2,overnight_rate,cpi_yoy,5.259152233445449e-07
2,overnight_rate,usdcad,8.744900607074527e-05
2,us_treasury_10y,yield_spread_10y_2y,0.17994837748671388
2,us_treasury_10y,overnight_rate,0.0018692747988690254
2,us_treasury_10y,us_treasury_10y,0.817996677720791
2,us_treasury_10y,fed_funds_rate,7.328534197440477e-05
2,us_treasury_10y,cpi_yoy,9.414690954505223e-05
2,us_treasury_10y,usdcad,1.823774210657327e-05
2,fed_funds_rate,yield_spread_10y_2y,0.0003004051660365804
2,fed_funds_rate,overnight_rate,0.013967259894987179
2,fed_funds_rate,us_treasury_10y,0.0006449122994877898
2,fed_funds_rate,fed_funds_rate,0.9845410279056858
2,fed_funds_rate,cpi_yoy,0.00016909094917005592
2,fed_funds_rate,usdcad,0.00037730378463253137
2,cpi_yoy,yield_spread_10y_2y,0.0014987503097902656
2,cpi_yoy,overnight_rate,9.864577439520484e-05
2,cpi_yoy,us_treasury_10y,0.00013515287607676797
2,cpi_yoy,fed_funds_rate,0.00025647192312502426
2,cpi_yoy,cpi_yoy,0.9979373963131144
2,cpi_yoy,usdcad,7.358280349836341e-05
2,usdcad,yield_spread_10y_2y,0.0008759648386825104
2,usdcad,overnight_rate,0.010027441076543485
2,usdcad,us_treasury_10y,0.007141102098059205
2,usdcad,fed_funds_rate,0.0002097226797551756
2,usdcad,cpi_yoy,0.002069626830975495
2,usdcad,usdcad,0.9796761424759842
3,yield_spread_10y_2y,yield_spread_10y_2y,0.9983372375247263
3,yield_spread_10y_2y,overnight_rate,3.5241717564375395e-05
3,yield_spread_10y_2y,us_treasury_10y,0.000759379060612699
3,yield_spread_10y_2y,fed_funds_rate,8.592104224885955e-05
3,yield_spread_10y_2y,cpi_yoy,0.00024069044212607861
3,yield_spread_10y_2y,usdcad,0.0005415302127217211
3,overnight_rate,yield_spread_10y_2y,0.008738540444011983
3,overnight_rate,overnight_rate,0.9897422678687304
3,overnight_rate,us_treasury_10y,4.359284180208905e-05
3,overnight_rate,fed_funds_rate,0.0010324553747887366
3,overnight_rate,cpi_yoy,2.5090274620900112e-05
3,overnight_rate,usdcad,0.00041805319604614887
3,us_treasury_10y,yield_spread_10y_2y,0.17822622326460744
3,us_treasury_10y,overnight_rate,0.003454431688665742
3,us_treasury_10y,us_treasury_10y,0.817855252071176
3,us_treasury_10y,fed_funds_rate,0.00030729577369831897
3,us_treasury_10y,cpi_yoy,9.92208907003682e-05
3,us_treasury_10y,usdcad,5.7576311152041184e-05
3,fed_funds_rate,yield_spread_10y_2y,0.0004122583440093011
3,fed_funds_rate,overnight_rate,0.012605516243530873
3,fed_funds_rate,us_treasury_10y,0.0021625242550840883
3,fed_funds_rate,fed_funds_rate,0.984280876421262
3,fed_funds_rate,cpi_yoy,0.0001734177888868587
3,fed_funds_rate,usdcad,0.0003654069472268092
3,cpi_yoy,yield_spread_10y_2y,0.00135672578512102
3,cpi_yoy,overnight_rate,0.00010649917969529453
3,cpi_yoy,us_treasury_10y,0.00016113200660552928
3,cpi_yoy,fed_funds_rate,0.0005094813736640964
3,cpi_yoy,cpi_yoy,0.9977847649071001
3,cpi_yoy,usdcad,8.139674781410299e-05
3,usdcad,yield_spread_10y_2y,0.002213974743861257
3,usdcad,overnight_rate,0.01354186797244415
3,usdcad,us_treasury_10y,0.007160850856494514
3,usdcad,fed_funds_rate,0.0006489235578556401
3,usdcad,cpi_yoy,0.0021674424506131786
3,usdcad,usdcad,0.9742669404187313
4,yield_spread_10y_2y,yield_spread_10y_2y,0.9965850923008909
4,yield_spread_10y_2y,overnight_rate,6.80530969527691e-05
4,yield_spread_10y_2y,us_treasury_10y,0.0017244919564305891
4,yield_spread_10y_2y,fed_funds_rate,0.0001597115727575952
4,yield_spread_10y_2y,cpi_yoy,0.0002472748698195235
4,yield_spread_10y_2y,usdcad,0.0012153762031485791
4,overnight_rate,yield_spread_10y_2y,0.011107687036005828
4,overnight_rate,overnight_rate,0.984676322810031
4,overnight_rate,us_treasury_10y,0.00022002549939734726
4,overnight_rate,fed_funds_rate,0.0019053048694790246
4,overnight_rate,cpi_yoy,6.159235739326265e-05
4,overnight_rate,usdcad,0.002029067427693586
4,us_treasury_10y,yield_spread_10y_2y,0.17315362574898013
4,us_treasury_10y,overnight_rate,0.004032819324024056
4,us_treasury_10y,us_treasury_10y,0.8222233383453963
4,us_treasury_10y,fed_funds_rate,0.0002482905995297963
4,us_treasury_10y,cpi_yoy,0.0002688073384750331
4,us_treasury_10y,usdcad,7.311864359467335e-05
4,fed_funds_rate,yield_spread_10y_2y,0.0007294484182321549
4,fed_funds_rate,overnight_rate,0.011582049789821903
4,fed_funds_rate,us_treasury_10y,0.0030090478261448786
4,fed_funds_rate,fed_funds_rate,0.984024972084217
4,fed_funds_rate,cpi_yoy,0.00026881684284212987
4,fed_funds_rate,usdcad,0.00038566503874180673
4,cpi_yoy,yield_spread_10y_2y,0.001432324665808148
4,cpi_yoy,overnight_rate,0.0007265941419057654
4,cpi_yoy,us_treasury_10y,0.0001658680801755648
4,cpi_yoy,fed_funds_rate,0.001496020351845696
4,cpi_yoy,cpi_yoy,0.9960624068551739
4,cpi_yoy,usdcad,0.00011678590509092067
4,usdcad,yield_spread_10y_2y,0.003413565595419301
4,usdcad,overnight_rate,0.016397061046413492
4,usdcad,us_treasury_10y,0.0062044516944944
4,usdcad,fed_funds_rate,0.0007111532676246425
4,usdcad,cpi_yoy,0.0023690289140973443
4,usdcad,usdcad,0.9709047394819508
5,yield_spread_10y_2y,yield_spread_10y_2y,0.9959034754659547
5,yield_spread_10y_2y,overnight_rate,0.00036716292296363426
5,yield_spread_10y_2y,us_treasury_10y,0.0021405181933592406
5,yield_spread_10y_2y,fed_funds_rate,0.00013838682746162626
5,yield_spread_10y_2y,cpi_yoy,0.00022361824868160607
5,yield_spread_10y_2y,usdcad,0.0012268383415791272
5,overnight_rate,yield_spread_10y_2y,0.012049709074156333
5,overnight_rate,overnight_rate,0.9805616953080742
5,overnight_rate,us_treasury_10y,0.0012682203733152854
5,overnight_rate,fed_funds_rate,0.0027573796907645574
5,overnight_rate,cpi_yoy,0.00010214687773142813
5,overnight_rate,usdcad,0.0032608486759581
5,us_treasury_10y,yield_spread_10y_2y,0.16664343230297013
5,us_treasury_10y,overnight_rate,0.00468148833927022
5,us_treasury_10y,us_treasury_10y,0.8280507911708112
5,us_treasury_10y,fed_funds_rate,0.00031292705986151864
5,us_treasury_10y,cpi_yoy,0.000245754240403313
5,us_treasury_10y,usdcad,6.560688668358929e-05
5,fed_funds_rate,yield_spread_10y_2y,0.00129716510335042
5,fed_funds_rate,overnight_rate,0.0200777048571913
5,fed_funds_rate,us_treasury_10y,0.0035377892641156794
5,fed_funds_rate,fed_funds_rate,0.9743729677479325
5,fed_funds_rate,cpi_yoy,0.0002649281067754626
5,fed_funds_rate,usdcad,0.00044944492063469767
5,cpi_yoy,yield_spread_10y_2y,0.001415761812210875
5,cpi_yoy,overnight_rate,0.0011073577351463947
5,cpi_yoy,us_treasury_10y,0.0001433360396306862
5,cpi_yoy,fed_funds_rate,0.0021901313747957466
5,cpi_yoy,cpi_yoy,0.9950345702873575
5,cpi_yoy,usdcad,0.00010884275085882616
5,usdcad,yield_spread_10y_2y,0.0038266762419369854
5,usdcad,overnight_rate,0.018653670322358505
5,usdcad,us_treasury_10y,0.005805987420090577
5,usdcad,fed_funds_rate,0.0010045559238061315
5,usdcad,cpi_yoy,0.0023926577033701155
5,usdcad,usdcad,0.9683164523884377
6,yield_spread_10y_2y,yield_spread_10y_2y,0.995068442782504
6,yield_spread_10y_2y,overnight_rate,0.0009433007430537925
6,yield_spread_10y_2y,us_treasury_10y,0.0025104093228076095
6,yield_spread_10y_2y,fed_funds_rate,0.0001228609554566487
6,yield_spread_10y_2y,cpi_yoy,0.00019695546970239838
6,yield_spread_10y_2y,usdcad,0.0011580307264756134
6,overnight_rate,yield_spread_10y_2y,0.011920177875590592
6,overnight_rate,overnight_rate,0.9773999752769535
6,overnight_rate,us_treasury_10y,0.002901117478208345
6,overnight_rate,fed_funds_rate,0.0037243213657725607
6,overnight_rate,cpi_yoy,0.0001667034837780952
6,overnight_rate,usdcad,0.003887704519696872
6,us_treasury_10y,yield_spread_10y_2y,0.16305427782614562
6,us_treasury_10y,overnight_rate,0.004841119944811926
6,us_treasury_10y,us_treasury_10y,0.8314449987046704
6,us_treasury_10y,fed_funds_rate,0.00027020274264422816
6,us_treasury_10y,cpi_yoy,0.0002467685118609147
6,us_treasury_10y,usdcad,0.00014263226986698687
6,fed_funds_rate,yield_spread_10y_2y,0.0011567977770204883
6,fed_funds_rate,overnight_rate,0.025749580691922062
6,fed_funds_rate,us_treasury_10y,0.004147140924804539
6,fed_funds_rate,fed_funds_rate,0.9680638339157027
6,fed_funds_rate,cpi_yoy,0.00043907031453259995
6,fed_funds_rate,usdcad,0.0004435763760175992
6,cpi_yoy,yield_spread_10y_2y,0.0014944584975315253
6,cpi_yoy,overnight_rate,0.0014022089912624457
6,cpi_yoy,us_treasury_10y,0.0001263417032615355
6,cpi_yoy,fed_funds_rate,0.0025576426978989723
6,cpi_yoy,cpi_yoy,0.994279098161548
6,cpi_yoy,usdcad,0.00014024994849739717
6,usdcad,yield_spread_10y_2y,0.004072889978367468
6,usdcad,overnight_rate,0.020522844813921054
6,usdcad,us_treasury_10y,0.005410515687696436
6,usdcad,fed_funds_rate,0.001360516831514426
6,usdcad,cpi_yoy,0.002605162408293209
6,usdcad,usdcad,0.9660280702802074
7,yield_spread_10y_2y,yield_spread_10y_2y,0.9948692039075574
7,yield_spread_10y_2y,overnight_rate,0.0013286209751283374
7,yield_spread_10y_2y,us_treasury_10y,0.002326993902363039
7,yield_spread_10y_2y,fed_funds_rate,0.00027258134074817033
7,yield_spread_10y_2y,cpi_yoy,0.00017465404311202794
7,yield_spread_10y_2y,usdcad,0.0010279458310909603
7,overnight_rate,yield_spread_10y_2y,0.012631672125543626
7,overnight_rate,overnight_rate,0.9736351307456759
7,overnight_rate,us_treasury_10y,0.004516276758703237
7,overnight_rate,fed_funds_rate,0.004581678621237146
7,overnight_rate,cpi_yoy,0.000187638389799257
7,overnight_rate,usdcad,0.004447603359040779
7,us_treasury_10y,yield_spread_10y_2y,0.16040474765979995
7,us_treasury_10y,overnight_rate,0.005841949696520579
7,us_treasury_10y,us_treasury_10y,0.8329130580133135
7,us_treasury_10y,fed_funds_rate,0.0003611945397976539
7,us_treasury_10y,cpi_yoy,0.0003344889937114667
7,us_treasury_10y,usdcad,0.0001445610968570203
7,fed_funds_rate,yield_spread_10y_2y,0.0013732003443084754
7,fed_funds_rate,overnight_rate,0.029644321959246253
7,fed_funds_rate,us_treasury_10y,0.004566569667395456
7,fed_funds_rate,fed_funds_rate,0.9631949152109283
7,fed_funds_rate,cpi_yoy,0.0007906144898920852
7,fed_funds_rate,usdcad,0.00043037832822943623
7,cpi_yoy,yield_spread_10y_2y,0.001319944741187352
7,cpi_yoy,overnight_rate,0.0015547869658628305
7,cpi_yoy,us_treasury_10y,0.00012081470192119215
7,cpi_yoy,fed_funds_rate,0.0026579256014230166
7,cpi_yoy,cpi_yoy,0.9941247091830561
7,cpi_yoy,usdcad,0.0002218188065497125
7,usdcad,yield_spread_10y_2y,0.004253475914121385
7,usdcad,overnight_rate,0.021452817345407396
7,usdcad,us_treasury_10y,0.0052311411316709215
7,usdcad,fed_funds_rate,0.0019415699883647667
7,usdcad,cpi_yoy,0.0029516062682836525
7,usdcad,usdcad,0.9641693893521519
8,yield_spread_10y_2y,yield_spread_10y_2y,0.9946873457727827
8,yield_spread_10y_2y,overnight_rate,0.0014847971998085837
8,yield_spread_10y_2y,us_treasury_10y,0.0021502190639132606
8,yield_spread_10y_2y,fed_funds_rate,0.000420316481830921
8,yield_spread_10y_2y,cpi_yoy,0.0001590459467919133
8,yield_spread_10y_2y,usdcad,0.0010982755348725806
8,overnight_rate,yield_spread_10y_2y,0.012639653439739575
8,overnight_rate,overnight_rate,0.9710239533115499
8,overnight_rate,us_treasury_10y,0.005857328651407817
8,overnight_rate,fed_funds_rate,0.004750357453922427
8,overnight_rate,cpi_yoy,0.00020582541530087694
8,overnight_rate,usdcad,0.0055228817280793836
8,us_treasury_10y,yield_spread_10y_2y,0.15955384790087104
8,us_treasury_10y,overnight_rate,0.007464826662769466
8,us_treasury_10y,us_treasury_10y,0.8321706273623253
8,us_treasury_10y,fed_funds_rate,0.00035464895342052466
8,us_treasury_10y,cpi_yoy,0.00032674794822720445
8,us_treasury_10y,usdcad,0.000129301172386427
8,fed_funds_rate,yield_spread_10y_2y,0.0016690688240530687
8,fed_funds_rate,overnight_rate,0.03640667771420256
8,fed_funds_rate,us_treasury_10y,0.005005094841798639
8,fed_funds_rate,fed_funds_rate,0.9555502577054102
8,fed_funds_rate,cpi_yoy,0.0009316040593171857
8,fed_funds_rate,usdcad,0.00043729685521815264
8,cpi_yoy,yield_spread_10y_2y,0.0011820692147665036
8,cpi_yoy,overnight_rate,0.0014853660153905546
8,cpi_yoy,us_treasury_10y,0.0001500775409358711
8,cpi_yoy,fed_funds_rate,0.0028656502843008103
8,cpi_yoy,cpi_yoy,0.9938266115459348
8,cpi_yoy,usdcad,0.0004902253986716323
8,usdcad,yield_spread_10y_2y,0.0040144187199612665
8,usdcad,overnight_rate,0.021221143626975074
8,usdcad,us_treasury_10y,0.005001863434066949
8,usdcad,fed_funds_rate,0.002395699426320648
8,usdcad,cpi_yoy,0.0030809519509538605
8,usdcad,usdcad,0.9642859228417223
9,yield_spread_10y_2y,yield_spread_10y_2y,0.9944448960285727
9,yield_spread_10y_2y,overnight_rate,0.001791448085489371
9,yield_spread_10y_2y,us_treasury_10y,0.001989637328051927
9,yield_spread_10y_2y,fed_funds_rate,0.0005506569491472598
9,yield_spread_10y_2y,cpi_yoy,0.00014843421595943463
9,yield_spread_10y_2y,usdcad,0.0010749273927792877
9,overnight_rate,yield_spread_10y_2y,0.01293361618567024
9,overnight_rate,overnight_rate,0.968678829329913
9,overnight_rate,us_treasury_10y,0.007674371758894132
9,overnight_rate,fed_funds_rate,0.004326738970157105
9,overnight_rate,cpi_yoy,0.00022413080243804796
9,overnight_rate,usdcad,0.00616231295292761
9,us_treasury_10y,yield_spread_10y_2y,0.15947907950083848
9,us_treasury_10y,overnight_rate,0.007615161286136578
9,us_treasury_10y,us_treasury_10y,0.832008493783255
9,us_treasury_10y,fed_funds_rate,0.00038609844977446575
9,us_treasury_10y,cpi_yoy,0.00035413907068396254
9,us_treasury_10y,usdcad,0.0001570279093114337
9,fed_funds_rate,yield_spread_10y_2y,0.0021747415611072457
9,fed_funds_rate,overnight_rate,0.04102941677661678
9,fed_funds_rate,us_treasury_10y,0.00578627274236565
9,fed_funds_rate,fed_funds_rate,0.9495618554523697
9,fed_funds_rate,cpi_yoy,0.0010346923409921167
9,fed_funds_rate,usdcad,0.00041302112654851116
9,cpi_yoy,yield_spread_10y_2y,0.0010639088312294008
9,cpi_yoy,overnight_rate,0.0014691240392291187
9,cpi_yoy,us_treasury_10y,0.0003234886406344628
9,cpi_yoy,fed_funds_rate,0.003046184750872897
9,cpi_yoy,cpi_yoy,0.9933978016056562
9,cpi_yoy,usdcad,0.000699492132377997
9,usdcad,yield_spread_10y_2y,0.003909291753860916
9,usdcad,overnight_rate,0.02109828033866075
9,usdcad,us_treasury_10y,0.004659371112162323
9,usdcad,fed_funds_rate,0.003035334782839834
9,usdcad,cpi_yoy,0.0029224656224373442
9,usdcad,usdcad,0.9643752563900388
10,yield_spread_10y_2y,yield_spread_10y_2y,0.9938579051597985
10,yield_spread_10y_2y,overnight_rate,0.002190114781407725
10,yield_spread_10y_2y,us_treasury_10y,0.0018413279146919476
10,yield_spread_10y_2y,fed_funds_rate,0.0008251932610639435
10,yield_spread_10y_2y,cpi_yoy,0.00018513064884580977
10,yield_spread_10y_2y,usdcad,0.0011003282341920278
10,overnight_rate,yield_spread_10y_2y,0.015110731016075038
10,overnight_rate,overnight_rate,0.9641464955809533
10,overnight_rate,us_treasury_10y,0.009000599362881495
10,overnight_rate,fed_funds_rate,0.004082999783311268
10,overnight_rate,cpi_yoy,0.00027519058817608116
10,overnight_rate,usdcad,0.007383983668602695
10,us_treasury_10y,yield_spread_10y_2y,0.15986433930414595
10,us_treasury_10y,overnight_rate,0.0074795985583336385
10,us_treasury_10y,us_treasury_10y,0.8316968556559724
10,us_treasury_10y,fed_funds_rate,0.0003965432400139671
10,us_treasury_10y,cpi_yoy,0.0003223216685782424
10,us_treasury_10y,usdcad,0.0002403415729557661
10,fed_funds_rate,yield_spread_10y_2y,0.0021485116570535696
10,fed_funds_rate,overnight_rate,0.07851027771882677
10,fed_funds_rate,us_treasury_10y,0.006187054288452192
10,fed_funds_rate,fed_funds_rate,0.9115397169776577
10,fed_funds_rate,cpi_yoy,0.0012409654898475344
10,fed_funds_rate,usdcad,0.0003734738681623754
10,cpi_yoy,yield_spread_10y_2y,0.0009671931403955713
10,cpi_yoy,overnight_rate,0.0015178391010413413
10,cpi_yoy,us_treasury_10y,0.0005839203775886267
10,cpi_yoy,fed_funds_rate,0.0032588529378185663
10,cpi_yoy,cpi_yoy,0.9928313257123131
10,cpi_yoy,usdcad,0.0008408687308427545
10,usdcad,yield_spread_10y_2y,0.0038727650452991843
10,usdcad,overnight_rate,0.022133347865836605
10,usdcad,us_treasury_10y,0.0042712696523898855
10,usdcad,fed_funds_rate,0.004133076047440729
10,usdcad,cpi_yoy,0.003207644664417934
10,usdcad,usdcad,0.9623818967246156
11,yield_spread_10y_2y,yield_spread_10y_2y,0.99346022758459
11,yield_spread_10y_2y,overnight_rate,0.002437764291573389
11,yield_spread_10y_2y,us_treasury_10y,0.0017068097752625812
11,yield_spread_10y_2y,fed_funds_rate,0.0010273614374655116
11,yield_spread_10y_2y,cpi_yoy,0.00021539772997877503
11,yield_spread_10y_2y,usdcad,0.0011524391811299978
11,overnight_rate,yield_spread_10y_2y,0.016931677372422405
11,overnight_rate,overnight_rate,0.9600315562395859
11,overnight_rate,us_treasury_10y,0.010286761164162902
11,overnight_rate,fed_funds_rate,0.003880479617957888
11,overnight_rate,cpi_yoy,0.0002860203174827416
11,overnight_rate,usdcad,0.00858350528838812
11,us_treasury_10y,yield_spread_10y_2y,0.15989413877472977
11,us_treasury_10y,overnight_rate,0.007432103227410249
11,us_treasury_10y,us_treasury_10y,0.8316828615772149
11,us_treasury_10y,fed_funds_rate,0.00038882694105875826
11,us_treasury_10y,cpi_yoy,0.0002968354927027699
11,us_treasury_10y,usdcad,0.00030523398688353406
11,fed_funds_rate,yield_spread_10y_2y,0.0025414422940388875
11,fed_funds_rate,overnight_rate,0.10458270693288875
11,fed_funds_rate,us_treasury_10y,0.006874678557130812
11,fed_funds_rate,fed_funds_rate,0.8843145335015863
11,fed_funds_rate,cpi_yoy,0.001348941950197351
11,fed_funds_rate,usdcad,0.0003376967641577844
11,cpi_yoy,yield_spread_10y_2y,0.0008904049139430296
11,cpi_yoy,overnight_rate,0.001566481988117703
11,cpi_yoy,us_treasury_10y,0.0008211872805736287
11,cpi_yoy,fed_funds_rate,0.003414901355235584
11,cpi_yoy,cpi_yoy,0.9923316293108503
11,cpi_yoy,usdcad,0.0009753951512797569
11,usdcad,yield_spread_10y_2y,0.0038724533742443105
11,usdcad,overnight_rate,0.023224008482705453
11,usdcad,us_treasury_10y,0.003945318309436454
11,usdcad,fed_funds_rate,0.0050728842507355085
11,usdcad,cpi_yoy,0.003446661914196606
11,usdcad,usdcad,0.9604386736686816
12,yield_spread_10y_2y,yield_spread_10y_2y,0.9931611440290096
12,yield_spread_10y_2y,overnight_rate,0.002686466610979579
12,yield_spread_10y_2y,us_treasury_10y,0.0015898234560601419
12,yield_spread_10y_2y,fed_funds_rate,0.0011350885098614493
12,yield_spread_10y_2y,cpi_yoy,0.0002446605997564407
12,yield_spread_10y_2y,usdcad,0.0011828167943329056
12,overnight_rate,yield_spread_10y_2y,0.018703526847731446
12,overnight_rate,overnight_rate,0.9559681862629269
12,overnight_rate,us_treasury_10y,0.011639396279278982
12,overnight_rate,fed_funds_rate,0.0037488436885072833
12,overnight_rate,cpi_yoy,0.0002857045809671217
12,overnight_rate,usdcad,0.009654342340588415
12,us_treasury_10y,yield_spread_10y_2y,0.15970916337957916
12,us_treasury_10y,overnight_rate,0.007401521011794234
12,us_treasury_10y,us_treasury_10y,0.8318800066480712
12,us_treasury_10y,fed_funds_rate,0.0003706378116647965
12,us_treasury_10y,cpi_yoy,0.0002744886106573234
12,us_treasury_10y,usdcad,0.00036418253823321977
12,fed_funds_rate,yield_spread_10y_2y,0.0029272808309308714
12,fed_funds_rate,overnight_rate,0.12321018268527434
12,fed_funds_rate,us_treasury_10y,0.007566404219329889
12,fed_funds_rate,fed_funds_rate,0.8645778099017664
12,fed_funds_rate,cpi_yoy,0.0014076335972927642
12,fed_funds_rate,usdcad,0.00031068876540582953
12,cpi_yoy,yield_spread_10y_2y,0.0008252663037904596
12,cpi_yoy,overnight_rate,0.0016623948783857007
12,cpi_yoy,us_treasury_10y,0.0010089464963039419
12,cpi_yoy,fed_funds_rate,0.003585328408844891
12,cpi_yoy,cpi_yoy,0.9918547481677906
12,cpi_yoy,usdcad,0.001063315744884391
12,usdcad,yield_spread_10y_2y,0.0038973086266877546
12,usdcad,overnight_rate,0.02437700017383738
12,usdcad,us_treasury_10y,0.003664407246538745
12,usdcad,fed_funds_rate,0.005729823118794195
12,usdcad,cpi_yoy,0.003606000962940691
12,usdcad,usdcad,0.9587254598712013
13,yield_spread_10y_2y,yield_spread_10y_2y,0.9928724621080999
13,yield_spread_10y_2y,overnight_rate,0.0029613364004483964
13,yield_spread_10y_2y,us_treasury_10y,0.0014840806736325922
13,yield_spread_10y_2y,fed_funds_rate,0.0012155057721242207
13,yield_spread_10y_2y,cpi_yoy,0.0002675604594859282
13,yield_spread_10y_2y,usdcad,0.0011990545862090533
13,overnight_rate,yield_spread_10y_2y,0.020302292053918817
13,overnight_rate,overnight_rate,0.9522378090832508
13,overnight_rate,us_treasury_10y,0.012918918024786502
13,overnight_rate,fed_funds_rate,0.0036480128755703965
13,overnight_rate,cpi_yoy,0.00027969260725403287
13,overnight_rate,usdcad,0.010613275355219573
13,us_treasury_10y,yield_spread_10y_2y,0.1595483543797862
13,us_treasury_10y,overnight_rate,0.007540668621231417
13,us_treasury_10y,us_treasury_10y,0.8318809072301059
13,us_treasury_10y,fed_funds_rate,0.0003631010787926286
13,us_treasury_10y,cpi_yoy,0.0002554959310891399
13,us_treasury_10y,usdcad,0.0004114727589946878
13,fed_funds_rate,yield_spread_10y_2y,0.0032407131473103142
13,fed_funds_rate,overnight_rate,0.13837523049833858
13,fed_funds_rate,us_treasury_10y,0.008350406561406244
13,fed_funds_rate,fed_funds_rate,0.8482573274014223
13,fed_funds_rate,cpi_yoy,0.0014509433216442333
13,fed_funds_rate,usdcad,0.00032537906987828164
13,cpi_yoy,yield_spread_10y_2y,0.0007728847247055875
13,cpi_yoy,overnight_rate,0.0018006324292189006
13,cpi_yoy,us_treasury_10y,0.001182818414036164
13,cpi_yoy,fed_funds_rate,0.0037387370883560376
13,cpi_yoy,cpi_yoy,0.9913601778293815
13,cpi_yoy,usdcad,0.0011447495143019355
13,usdcad,yield_spread_10y_2y,0.003920518181533039
13,usdcad,overnight_rate,0.025706512131624056
13,usdcad,us_treasury_10y,0.0034169758759725363
13,usdcad,fed_funds_rate,0.006299392624950489
13,usdcad,cpi_yoy,0.0037475947765255296
13,usdcad,usdcad,0.9569090064093944
14,yield_spread_10y_2y,yield_spread_10y_2y,0.9924961211113487
14,yield_spread_10y_2y,overnight_rate,0.003352260289705572
14,yield_spread_10y_2y,us_treasury_10y,0.0013877704297562865
14,yield_spread_10y_2y,fed_funds_rate,0.0012726632968027255
14,yield_spread_10y_2y,cpi_yoy,0.0002848888561859511
14,yield_spread_10y_2y,usdcad,0.0012062960162007087
14,overnight_rate,yield_spread_10y_2y,0.021622247758608097
14,overnight_rate,overnight_rate,0.9488669971717891
14,overnight_rate,us_treasury_10y,0.014220238613945961
14,overnight_rate,fed_funds_rate,0.0035907252581197377
14,overnight_rate,cpi_yoy,0.0002625847943616811
14,overnight_rate,usdcad,0.011437206403175321
14,us_treasury_10y,yield_spread_10y_2y,0.1593128385774979
14,us_treasury_10y,overnight_rate,0.0075092908534629
14,us_treasury_10y,us_treasury_10y,0.8321431265703175
14,us_treasury_10y,fed_funds_rate,0.000348793914818584
14,us_treasury_10y,cpi_yoy,0.0002394362289592959
14,us_treasury_10y,usdcad,0.00044651385494386576
14,fed_funds_rate,yield_spread_10y_2y,0.0036220970502014536
14,fed_funds_rate,overnight_rate,0.15087850541311645
14,fed_funds_rate,us_treasury_10y,0.009518758954582079
14,fed_funds_rate,fed_funds_rate,0.8340878374434073
14,fed_funds_rate,cpi_yoy,0.0014803015348320357
14,fed_funds_rate,usdcad,0.00041249960386079604
14,cpi_yoy,yield_spread_10y_2y,0.0007308497009577633
14,cpi_yoy,overnight_rate,0.0020454955546198267
14,cpi_yoy,us_treasury_10y,0.0013123663582060583
14,cpi_yoy,fed_funds_rate,0.0038209538625604963
14,cpi_yoy,cpi_yoy,0.990889835520533
14,cpi_yoy,usdcad,0.0012004990031227849
14,usdcad,yield_spread_10y_2y,0.0039727323269207054
14,usdcad,overnight_rate,0.02680522074031019
14,usdcad,us_treasury_10y,0.0032009975675923253
14,usdcad,fed_funds_rate,0.006805888376052683
14,usdcad,cpi_yoy,0.0038458285630508173
14,usdcad,usdcad,0.9553693324260732
15,yield_spread_10y_2y,yield_spread_10y_2y,0.9922349141050989
15,yield_spread_10y_2y,overnight_rate,0.003605754410739209
15,yield_spread_10y_2y,us_treasury_10y,0.0013013280297207623
15,yield_spread_10y_2y,fed_funds_rate,0.0013305167023980144
15,yield_spread_10y_2y,cpi_yoy,0.0003027803017499526
15,yield_spread_10y_2y,usdcad,0.0012247064502931932
15,overnight_rate,yield_spread_10y_2y,0.022705387715266926
15,overnight_rate,overnight_rate,0.9457103819627906
15,overnight_rate,us_treasury_10y,0.01562756380351718
15,overnight_rate,fed_funds_rate,0.0035600201707610647
15,overnight_rate,cpi_yoy,0.0002469078109719479
15,overnight_rate,usdcad,0.012149738536692288
15,us_treasury_10y,yield_spread_10y_2y,0.15904626560772578
15,us_treasury_10y,overnight_rate,0.007391534671126773
15,us_treasury_10y,us_treasury_10y,0.8325073819003282
15,us_treasury_10y,fed_funds_rate,0.00033683949774601196
15,us_treasury_10y,cpi_yoy,0.0002265260629268713
15,us_treasury_10y,usdcad,0.0004914522601463489
15,fed_funds_rate,yield_spread_10y_2y,0.004113972376259569
15,fed_funds_rate,overnight_rate,0.15854437791060072
15,fed_funds_rate,us_treasury_10y,0.011093923205718335
15,fed_funds_rate,fed_funds_rate,0.8241835716347032
15,fed_funds_rate,cpi_yoy,0.0015153463416694856
15,fed_funds_rate,usdcad,0.0005488085310485689
15,cpi_yoy,yield_spread_10y_2y,0.0006950103762244805
15,cpi_yoy,overnight_rate,0.0022776486658387177
15,cpi_yoy,us_treasury_10y,0.0014241002970659176
15,cpi_yoy,fed_funds_rate,0.003872822576749779
15,cpi_yoy,cpi_yoy,0.9904714676625782
15,cpi_yoy,usdcad,0.0012589504215426582
15,usdcad,yield_spread_10y_2y,0.003983908017951891
15,usdcad,overnight_rate,0.027990413378568932
15,usdcad,us_treasury_10y,0.0030080110873611206
15,usdcad,fed_funds_rate,0.007199118858689492
15,usdcad,cpi_yoy,0.003899997416407938
15,usdcad,usdcad,0.9539185512410207
16,yield_spread_10y_2y,yield_spread_10y_2y,0.9920462651938068
16,yield_spread_10y_2y,overnight_rate,0.0038020106706005232
16,yield_spread_10y_2y,us_treasury_10y,0.0012269102003762734
16,yield_spread_10y_2y,fed_funds_rate,0.0013632287705800594
16,yield_spread_10y_2y,cpi_yoy,0.0003191588940153276
16,yield_spread_10y_2y,usdcad,0.0012424262706209972
16,overnight_rate,yield_spread_10y_2y,0.023774647796820987
16,overnight_rate,overnight_rate,0.9425878458527782
16,overnight_rate,us_treasury_10y,0.017078409973528403
16,overnight_rate,fed_funds_rate,0.0035366478387260313
16,overnight_rate,cpi_yoy,0.0002345040186369203
16,overnight_rate,usdcad,0.012787944519509327
16,us_treasury_10y,yield_spread_10y_2y,0.15889586827046448
16,us_treasury_10y,overnight_rate,0.007434052805180579
16,us_treasury_10y,us_treasury_10y,0.8326037867328185
16,us_treasury_10y,fed_funds_rate,0.0003224832858901502
16,us_treasury_10y,cpi_yoy,0.00021579474413586203
16,us_treasury_10y,usdcad,0.0005280141615103818
16,fed_funds_rate,yield_spread_10y_2y,0.004453224410095942
16,fed_funds_rate,overnight_rate,0.1650094585201979
16,fed_funds_rate,us_treasury_10y,0.012858826657813955
16,fed_funds_rate,fed_funds_rate,0.815494238743862
16,fed_funds_rate,cpi_yoy,0.001537519052507904
16,fed_funds_rate,usdcad,0.0006467326155223826
16,cpi_yoy,yield_spread_10y_2y,0.0006638700953516834
16,cpi_yoy,overnight_rate,0.0024623375383376537
16,cpi_yoy,us_treasury_10y,0.001524868488459765
16,cpi_yoy,fed_funds_rate,0.00391081290825068
16,cpi_yoy,cpi_yoy,0.9901281057046525
16,cpi_yoy,usdcad,0.001310005264947854
16,usdcad,yield_spread_10y_2y,0.003995420518470186
16,usdcad,overnight_rate,0.029063354911987267
16,usdcad,us_treasury_10y,0.0028386907948276495
16,usdcad,fed_funds_rate,0.007514837877201083
16,usdcad,cpi_yoy,0.0039315766472325375
16,usdcad,usdcad,0.9526561192502813
17,yield_spread_10y_2y,yield_spread_10y_2y,0.9917731463570704
17,yield_spread_10y_2y,overnight_rate,0.004073130991564707
17,yield_spread_10y_2y,us_treasury_10y,0.0011643025095020155
17,yield_spread_10y_2y,fed_funds_rate,0.0013822529003306738
17,yield_spread_10y_2y,cpi_yoy,0.00033692525265427794
17,yield_spread_10y_2y,usdcad,0.0012702419888780017
17,overnight_rate,yield_spread_10y_2y,0.024790920555713067
17,overnight_rate,overnight_rate,0.9395058657710833
17,overnight_rate,us_treasury_10y,0.018641972924048858
17,overnight_rate,fed_funds_rate,0.0034674711581430036
17,overnight_rate,cpi_yoy,0.00022833573565524565
17,overnight_rate,usdcad,0.013365433855356544
17,us_treasury_10y,yield_spread_10y_2y,0.15862969854134984
17,us_treasury_10y,overnight_rate,0.007360238461643261
17,us_treasury_10y,us_treasury_10y,0.8329329520350004
17,us_treasury_10y,fed_funds_rate,0.00031082058492092616
17,us_treasury_10y,cpi_yoy,0.0002055695283448262
17,us_treasury_10y,usdcad,0.0005607208487408188
17,fed_funds_rate,yield_spread_10y_2y,0.004905201609765963
17,fed_funds_rate,overnight_rate,0.17035755139635653
17,fed_funds_rate,us_treasury_10y,0.014693758785768092
17,fed_funds_rate,fed_funds_rate,0.8077809466627724
17,fed_funds_rate,cpi_yoy,0.0015265217201482848
17,fed_funds_rate,usdcad,0.0007360198251886844
17,cpi_yoy,yield_spread_10y_2y,0.0006365293222827346
17,cpi_yoy,overnight_rate,0.0025860417967016928
17,cpi_yoy,us_treasury_10y,0.0016192434161244169
17,cpi_yoy,fed_funds_rate,0.003932721823709621
17,cpi_yoy,cpi_yoy,0.9898727663192017
17,cpi_yoy,usdcad,0.001352697321979801
17,usdcad,yield_spread_10y_2y,0.003987855015357515
17,usdcad,overnight_rate,0.030149868180683333
17,usdcad,us_treasury_10y,0.002685384897338762
17,usdcad,fed_funds_rate,0.007777739662676104
17,usdcad,cpi_yoy,0.00395071325267766
17,usdcad,usdcad,0.9514484389912667
18,yield_spread_10y_2y,yield_spread_10y_2y,0.9914812845820563
18,yield_spread_10y_2y,overnight_rate,0.004341181223877539
18,yield_spread_10y_2y,us_treasury_10y,0.0011149604753076885
18,yield_spread_10y_2y,fed_funds_rate,0.0014079573281032837
18,yield_spread_10y_2y,cpi_yoy,0.0003634443323513272
18,yield_spread_10y_2y,usdcad,0.0012911720583038285
18,overnight_rate,yield_spread_10y_2y,0.02580656433419566
18,overnight_rate,overnight_rate,0.9364179830750138
18,overnight_rate,us_treasury_10y,0.020230063802943874
18,overnight_rate,fed_funds_rate,0.003420993695484691
18,overnight_rate,cpi_yoy,0.00022690728618265978
18,overnight_rate,usdcad,0.01389748780617939
18,us_treasury_10y,yield_spread_10y_2y,0.1584330833535448
18,us_treasury_10y,overnight_rate,0.007307863155177353
18,us_treasury_10y,us_treasury_10y,0.8331712439568661
18,us_treasury_10y,fed_funds_rate,0.00030440947713889345
18,us_treasury_10y,cpi_yoy,0.00019554548751529903
18,us_treasury_10y,usdcad,0.0005878545697574676
18,fed_funds_rate,yield_spread_10y_2y,0.00527288030359515
18,fed_funds_rate,overnight_rate,0.17639461333266584
18,fed_funds_rate,us_treasury_10y,0.016428748739383152
18,fed_funds_rate,fed_funds_rate,0.7995258851895987
18,fed_funds_rate,cpi_yoy,0.001506444752251719
18,fed_funds_rate,usdcad,0.0008714276825056887
18,cpi_yoy,yield_spread_10y_2y,0.0006086247921616001
18,cpi_yoy,overnight_rate,0.0027170300872652116
18,cpi_yoy,us_treasury_10y,0.0017145785627866346
18,cpi_yoy,fed_funds_rate,0.0039496295967656895
18,cpi_yoy,cpi_yoy,0.9896258062677962
18,cpi_yoy,usdcad,0.0013843306932246689
18,usdcad,yield_spread_10y_2y,0.003981999990928911
18,usdcad,overnight_rate,0.031206669935634375
18,usdcad,us_treasury_10y,0.0025474007091437303
18,usdcad,fed_funds_rate,0.00804463956117385
18,usdcad,cpi_yoy,0.003963491791795188
18,usdcad,usdcad,0.950255798011324
19,yield_spread_10y_2y,yield_spread_10y_2y,0.9912318646373748
19,yield_spread_10y_2y,overnight_rate,0.004560522553058454
19,yield_spread_10y_2y,us_treasury_10y,0.0010794735069303476
19,yield_spread_10y_2y,fed_funds_rate,0.0014256326498806762
19,yield_spread_10y_2y,cpi_yoy,0.00038992447449395513
19,yield_spread_10y_2y,usdcad,0.0013125821782616392
19,overnight_rate,yield_spread_10y_2y,0.02675811496940037
19,overnight_rate,overnight_rate,0.9334700875641664
19,overnight_rate,us_treasury_10y,0.02178897671015474
19,overnight_rate,fed_funds_rate,0.003398865423420791
19,overnight_rate,cpi_yoy,0.00023150587602148602
19,overnight_rate,usdcad,0.01435244945683615
19,us_treasury_10y,yield_spread_10y_2y,0.1583296398828146
19,us_treasury_10y,overnight_rate,0.0072411569750593175
19,us_treasury_10y,us_treasury_10y,0.8333352259031839
19,us_treasury_10y,fed_funds_rate,0.0002978281761747814
19,us_treasury_10y,cpi_yoy,0.0001872239445419566
19,us_treasury_10y,usdcad,0.0006089251182252837
19,fed_funds_rate,yield_spread_10y_2y,0.005665208355589835
19,fed_funds_rate,overnight_rate,0.18170014984585264
19,fed_funds_rate,us_treasury_10y,0.01831430671438391
19,fed_funds_rate,fed_funds_rate,0.7918769102564017
19,fed_funds_rate,cpi_yoy,0.0014702938022600235
19,fed_funds_rate,usdcad,0.0009731310255119923
19,cpi_yoy,yield_spread_10y_2y,0.0005833799864953996
19,cpi_yoy,overnight_rate,0.002825748245840479
19,cpi_yoy,us_treasury_10y,0.001811473804361326
19,cpi_yoy,fed_funds_rate,0.003969785785763548
19,cpi_yoy,cpi_yoy,0.9893996378875433
19,cpi_yoy,usdcad,0.001409974289996135
19,usdcad,yield_spread_10y_2y,0.003970960262066995
19,usdcad,overnight_rate,0.03234955710990732
19,usdcad,us_treasury_10y,0.0024230712493107528
19,usdcad,fed_funds_rate,0.008295388176715117
19,usdcad,cpi_yoy,0.003970880031968305
19,usdcad,usdcad,0.9489901431700316
20,yield_spread_10y_2y,yield_spread_10y_2y,0.9909605256665717
20,yield_spread_10y_2y,overnight_rate,0.0048047173748474396
20,yield_spread_10y_2y,us_treasury_10y,0.0010546850556548556
20,yield_spread_10y_2y,fed_funds_rate,0.0014286731667557326
20,yield_spread_10y_2y,cpi_yoy,0.00041785554258394616
20,yield_spread_10y_2y,usdcad,0.0013335431935864966
20,overnight_rate,yield_spread_10y_2y,0.02772042740563521
20,overnight_rate,overnight_rate,0.9304682689663183
20,overnight_rate,us_treasury_10y,0.023405002127956178
20,overnight_rate,fed_funds_rate,0.0033822330246174475
20,overnight_rate,cpi_yoy,0.00024859431397451315
20,overnight_rate,usdcad,0.014775474161498445
20,us_treasury_10y,yield_spread_10y_2y,0.15823033425586033
20,us_treasury_10y,overnight_rate,0.0071973962278882074
20,us_treasury_10y,us_treasury_10y,0.8334744815729629
20,us_treasury_10y,fed_funds_rate,0.00029043279146037405
20,us_treasury_10y,cpi_yoy,0.00018052373637621823
20,us_treasury_10y,usdcad,0.0006268314154520702
20,fed_funds_rate,yield_spread_10y_2y,0.006391056518716689
20,fed_funds_rate,overnight_rate,0.18505905777510334
20,fed_funds_rate,us_treasury_10y,0.020129061745912773
20,fed_funds_rate,fed_funds_rate,0.7858422337335595
20,fed_funds_rate,cpi_yoy,0.001441582022351856
20,fed_funds_rate,usdcad,0.001137008204355672
20,cpi_yoy,yield_spread_10y_2y,0.0005603207629184515
20,cpi_yoy,overnight_rate,0.0029357974493872297
20,cpi_yoy,us_treasury_10y,0.0019017222456997
20,cpi_yoy,fed_funds_rate,0.003990090497037999
20,cpi_yoy,cpi_yoy,0.9891793864433822
20,cpi_yoy,usdcad,0.001432682601574373
20,usdcad,yield_spread_10y_2y,0.003970167849447169
20,usdcad,overnight_rate,0.03357483484724288
20,usdcad,us_treasury_10y,0.002308947776635011
20,usdcad,fed_funds_rate,0.008498148039384314
20,usdcad,cpi_yoy,0.003957875964468137
20,usdcad,usdcad,0.9476900255228224
